moteur,id,patch,note,apres,cpu_max,blocs_max,verdict
DEXED,0,0,0.335856,0.0,8.6,144,ok
DEXED,0,1,0.362011,0.0,8.6,144,ok
DEXED,0,2,0.078646,0.0,8.5,144,ok
DEXED,0,3,0.090976,0.0,8.7,144,ok
DEXED,0,4,0.048036,0.0,8.5,144,ok
DEXED,0,5,0.155065,0.0,8.6,144,ok
DEXED,0,6,0.110263,0.0,8.5,144,ok
DEXED,0,7,0.188543,0.0,8.6,144,ok
DEXED,0,8,0.076266,0.0,8.4,144,ok
DEXED,0,9,0.0918,0.0,8.6,144,ok
DEXED,0,10,0.204138,0.0,8.5,144,ok
DEXED,0,11,0.151433,0.0,8.6,144,ok
DEXED,0,12,0.037843,0.0,8.6,144,ok
DEXED,0,13,0.089419,0.0,8.5,144,ok
DEXED,0,14,0.10361,0.0,8.5,144,ok
DEXED,0,15,0.103122,0.0,8.6,144,ok
DEXED,0,16,0.190527,0.0,8.4,144,ok
DEXED,0,17,0.130314,0.0,8.6,144,ok
DEXED,0,18,0.084384,0.0,8.6,144,ok
DEXED,0,19,0.154851,0.0,8.7,144,ok
DEXED,0,20,0.191565,0.0,8.6,144,ok
DEXED,0,21,0.137242,0.0,8.5,144,ok
DEXED,0,22,0.114383,0.0,8.4,144,ok
DEXED,0,23,0.074892,0.0,8.4,144,ok
DEXED,0,24,0.122868,0.0,8.6,144,ok
DEXED,0,25,0.217627,0.0,8.4,144,ok
DEXED,0,26,0.170995,0.0,8.5,144,ok
DEXED,0,27,0.10123,0.0,8.6,144,ok
DEXED,0,28,0.0506,0.0,8.6,144,ok
DEXED,0,29,0.012635,0.0,8.5,144,ok
DEXED,0,30,0.044313,0.0,8.6,144,ok
DEXED,0,31,0.000732,0.0,8.4,144,MUET
DEXED,0,32,0.051668,0.0,8.5,144,ok
DEXED,0,33,0.173711,0.0,8.6,144,ok
DEXED,0,34,0.091372,0.0,8.5,144,ok
DEXED,0,35,0.221564,0.0,8.6,144,ok
DEXED,0,36,0.179815,0.0,8.5,144,ok
DEXED,0,37,0.205481,0.0,8.5,144,ok
DEXED,0,38,0.284402,0.0,8.5,144,ok
DEXED,0,39,0.235572,0.0,8.5,144,ok
DEXED,0,40,0.033662,0.0,8.6,144,ok
DEXED,0,41,0.073489,0.0,8.6,144,ok
DEXED,0,42,0.154942,0.0,8.5,144,ok
DEXED,0,43,0.183996,0.0,8.6,144,ok
DEXED,0,44,0.244606,0.0,8.5,144,ok
DEXED,0,45,0.233345,0.0,8.5,144,ok
DEXED,0,46,0.176672,0.0,8.4,144,ok
DEXED,0,47,0.112186,0.0,8.6,144,ok
DEXED,0,48,0.029756,0.0,8.5,144,ok
DEXED,0,49,0.080081,0.0,8.5,144,ok
DEXED,0,50,0.083163,0.0,8.5,144,ok
DEXED,0,51,0.052797,0.0,8.5,144,ok
DEXED,0,52,0.062716,0.0,8.5,144,ok
DEXED,0,53,0.053865,0.0,8.6,144,ok
DEXED,0,54,0.05417,0.0,8.6,144,ok
DEXED,0,55,0.034333,0.0,8.5,144,ok
DEXED,0,56,0.0347,0.0,8.6,144,ok
DEXED,0,57,0.124577,0.0,8.7,144,ok
DEXED,0,58,0.096896,0.0,8.5,144,ok
DEXED,0,59,0.094943,0.0,8.5,144,ok
DEXED,0,60,0.162389,0.0,8.5,144,ok
DEXED,0,61,0.194403,0.0,8.5,144,ok
DEXED,0,62,0.106571,0.0,8.6,144,ok
DEXED,0,63,0.091617,0.0,8.5,144,ok
DEXED,0,64,0.144169,0.0,8.5,144,ok
DEXED,0,65,0.082095,0.0,8.6,144,ok
DEXED,0,66,0.078494,0.0,8.6,144,ok
DEXED,0,67,0.102145,0.0,8.6,144,ok
DEXED,0,68,0.083895,0.0,8.6,144,ok
DEXED,0,69,0.115574,0.0,8.5,144,ok
DEXED,0,70,0.078982,0.0,8.7,144,ok
DEXED,0,71,0.003174,0.0,8.6,144,ok
DEXED,0,72,0.080447,0.0,8.6,144,ok
DEXED,0,73,0.110599,0.0,8.6,144,ok
DEXED,0,74,0.125523,0.0,8.6,144,ok
DEXED,0,75,0.324351,0.0,8.5,144,ok
DEXED,0,76,0.139653,0.0,8.5,144,ok
DEXED,0,77,0.310892,0.0,8.7,144,ok
DEXED,0,78,0.138371,0.0,8.5,144,ok
DEXED,0,79,0.228401,0.0,8.6,144,ok
DEXED,0,80,0.14481,0.0,8.6,144,ok
DEXED,0,81,0.040681,0.0,8.3,144,ok
DEXED,0,82,0.083102,0.0,8.6,144,ok
DEXED,0,83,0.096133,0.0,8.6,144,ok
DEXED,0,84,0.008332,0.0,8.5,144,ok
DEXED,0,85,0.204749,0.0,8.5,144,ok
DEXED,0,86,0.121738,0.0,8.5,144,ok
DEXED,0,87,0.211005,0.0,8.5,144,ok
DEXED,0,88,0.020508,0.0,8.6,144,ok
DEXED,0,89,0.10538,0.0,8.5,144,ok
DEXED,0,90,0.086245,0.0,8.6,144,ok
DEXED,0,91,0.14713,0.0,8.6,144,ok
DEXED,0,92,0.218726,0.0,8.5,144,ok
DEXED,0,93,0.095401,0.0,8.5,144,ok
DEXED,0,94,0.168065,0.0,8.6,144,ok
DEXED,0,95,0.159276,0.0,8.6,144,ok
DEXED,0,96,0.341166,0.0,8.6,144,ok
DEXED,0,97,0.211951,0.0,8.6,144,ok
DEXED,0,98,0.262947,0.0,8.5,144,ok
DEXED,0,99,0.116947,0.0,8.7,144,ok
DEXED,0,100,0.111179,0.0,8.5,144,ok
DEXED,0,101,0.160436,0.0,8.5,144,ok
DEXED,0,102,0.146123,0.0,8.7,144,ok
DEXED,0,103,0.25486,0.0,8.5,144,ok
DEXED,0,104,0.269845,0.0,8.6,144,ok
DEXED,0,105,0.372021,0.0,8.5,144,ok
DEXED,0,106,0.325755,0.0,8.6,144,ok
DEXED,0,107,0.110324,0.0,8.5,144,ok
DEXED,0,108,0.112522,0.0,8.1,144,ok
DEXED,0,109,0.13007,0.0,8.5,144,ok
DEXED,0,110,0.151646,0.0,8.6,144,ok
DEXED,0,111,0.18128,0.0,8.5,144,ok
DEXED,0,112,0.105136,0.0,8.6,144,ok
DEXED,0,113,0.127171,0.0,8.6,144,ok
DEXED,0,114,0.161962,0.0,8.5,144,ok
DEXED,0,115,0.131962,0.0,8.5,144,ok
DEXED,0,116,0.102664,0.0,8.5,144,ok
DEXED,0,117,0.087497,0.0,8.6,144,ok
DEXED,0,118,0.195685,0.0,8.5,144,ok
DEXED,0,119,0.000671,0.0,8.5,144,MUET
DEXED,0,120,0.109439,0.0,8.2,144,ok
DEXED,0,121,0.01944,0.0,8.7,144,ok
DEXED,0,122,0.171514,0.0,8.5,144,ok
DEXED,0,123,0.007172,0.0,8.6,144,ok
DEXED,0,124,0.083316,0.0,8.5,144,ok
DEXED,0,125,0.012055,0.0,8.6,144,ok
DEXED,0,126,0.069247,0.0,8.5,144,ok
DEXED,0,127,0.007935,0.0,8.6,144,ok
DEXED,0,128,0.045808,0.0,8.5,144,ok
DEXED,0,129,0.084384,0.0,8.6,144,ok
DEXED,0,130,0.086764,0.0,8.7,144,ok
DEXED,0,131,0.155065,0.0,8.6,144,ok
DEXED,0,132,0.079623,0.0,8.5,144,ok
DEXED,0,133,0.090854,0.0,8.5,144,ok
DEXED,0,134,0.188482,0.0,8.6,144,ok
DEXED,0,135,0.204138,0.0,8.6,144,ok
DEXED,0,136,0.162999,0.0,8.6,144,ok
DEXED,0,137,0.130314,0.0,8.6,144,ok
DEXED,0,138,0.190527,0.0,8.5,144,ok
DEXED,0,139,0.10361,0.0,8.7,144,ok
DEXED,0,140,0.101993,0.0,8.6,144,ok
DEXED,0,141,0.040681,0.0,8.3,144,ok
DEXED,0,142,0.138035,0.0,8.5,144,ok
DEXED,0,143,0.180059,0.0,8.5,144,ok
DEXED,0,144,0.059572,0.0,8.6,144,ok
DEXED,0,145,0.082888,0.0,8.5,144,ok
DEXED,0,146,0.133763,0.0,8.4,144,ok
DEXED,0,147,0.091769,0.0,8.5,144,ok
DEXED,0,148,0.096713,0.0,8.6,144,ok
DEXED,0,149,0.174932,0.0,8.5,144,ok
DEXED,0,150,0.034242,0.0,8.7,144,ok
DEXED,0,151,0.009949,0.0,8.6,144,ok
DEXED,0,152,0.183996,0.0,8.6,144,ok
DEXED,0,153,0.115024,0.0,8.6,144,ok
DEXED,0,154,0.206519,0.0,8.5,144,ok
DEXED,0,155,0.012055,0.0,8.6,144,ok
DEXED,0,156,0.0506,0.0,8.6,144,ok
DEXED,0,157,0.080813,0.0,8.6,144,ok
DEXED,0,158,0.081881,0.0,8.6,144,ok
DEXED,0,159,0.000732,0.0,8.4,144,MUET
DEXED,0,160,0.17951,0.0,8.6,144,ok
DEXED,0,161,0.089877,0.0,8.5,144,ok
DEXED,0,162,0.1583,0.0,8.5,144,ok
DEXED,0,163,0.111362,0.0,8.6,144,ok
DEXED,0,164,0.090823,0.0,8.5,144,ok
DEXED,0,165,0.201117,0.0,8.5,144,ok
DEXED,0,166,0.221564,0.0,8.5,144,ok
DEXED,0,167,0.194098,0.0,8.5,144,ok
DEXED,0,168,0.104404,0.0,8.6,144,ok
DEXED,0,169,0.09891,0.0,8.6,144,ok
DEXED,0,170,0.168554,0.0,8.5,144,ok
DEXED,0,171,0.095279,0.0,8.6,144,ok
DEXED,0,172,0.233345,0.0,8.5,144,ok
DEXED,0,173,0.30079,0.0,8.5,144,ok
DEXED,0,174,0.121433,0.0,8.5,144,ok
DEXED,0,175,0.096011,0.0,8.5,144,ok
DEXED,0,176,0.069491,0.0,8.5,144,ok
DEXED,0,177,0.034608,0.0,8.5,144,ok
DEXED,0,178,0.036195,0.0,8.5,144,ok
DEXED,0,179,0.247963,0.0,8.5,144,ok
DEXED,0,180,0.041597,0.0,8.6,144,ok
DEXED,0,181,0.112186,0.0,8.5,144,ok
DEXED,0,182,0.142735,0.0,8.4,144,ok
DEXED,0,183,0.026917,0.0,8.4,144,ok
DEXED,0,184,0.033601,0.0,8.6,144,ok
DEXED,0,185,0.108982,0.0,8.5,144,ok
DEXED,0,186,0.094638,0.0,8.6,144,ok
DEXED,0,187,0.162145,0.0,8.5,144,ok
DEXED,0,188,0.206854,0.0,8.5,144,ok
DEXED,0,189,0.095035,0.0,8.5,144,ok
DEXED,0,190,0.103092,0.0,8.5,144,ok
DEXED,0,191,0.088931,0.0,8.5,144,ok
DEXED,0,192,0.144169,0.0,8.6,144,ok
DEXED,0,193,0.08063,0.0,8.7,144,ok
DEXED,0,194,0.078646,0.0,8.6,144,ok
DEXED,0,195,0.102542,0.0,8.6,144,ok
DEXED,0,196,0.115574,0.0,8.6,144,ok
DEXED,0,197,0.105411,0.0,8.6,144,ok
DEXED,0,198,0.090976,0.0,8.5,144,ok
DEXED,0,199,0.076022,0.0,8.5,144,ok
DEXED,0,200,0.08182,0.0,8.4,144,ok
DEXED,0,201,0.251198,0.0,8.6,144,ok
DEXED,0,202,0.139653,0.0,8.5,144,ok
DEXED,0,203,0.362011,0.0,8.5,144,ok
DEXED,0,204,0.076785,0.0,8.5,144,ok
DEXED,0,205,0.112705,0.0,8.6,144,ok
DEXED,0,206,0.092135,0.0,8.5,144,ok
DEXED,0,207,0.049745,0.0,8.5,144,ok
DEXED,0,208,0.051454,0.0,8.6,144,ok
DEXED,0,209,0.114261,0.0,8.5,144,ok
DEXED,0,210,0.003235,0.0,8.5,144,ok
DEXED,0,211,0.151677,0.0,8.5,144,ok
DEXED,0,212,0.14713,0.0,8.5,144,ok
DEXED,0,213,0.217627,0.0,8.4,144,ok
DEXED,0,214,0.14481,0.0,8.5,144,ok
DEXED,0,215,0.020508,0.0,8.5,144,ok
DEXED,0,216,0.008179,0.0,8.6,144,ok
DEXED,0,217,0.211005,0.0,8.5,144,ok
DEXED,0,218,0.218726,0.0,8.5,144,ok
DEXED,0,219,0.095401,0.0,8.4,144,ok
DEXED,0,220,0.186193,0.0,8.3,144,ok
DEXED,0,221,0.159276,0.0,8.7,144,ok
DEXED,0,222,0.204749,0.0,8.5,144,ok
DEXED,0,223,0.200537,0.0,8.6,144,ok
DEXED,0,224,0.169836,0.0,8.5,144,ok
DEXED,0,225,0.372021,0.0,8.6,144,ok
DEXED,0,226,0.167394,0.0,8.5,144,ok
DEXED,0,227,0.067324,0.0,8.6,144,ok
DEXED,0,228,0.102603,0.0,8.5,144,ok
DEXED,0,229,0.105136,0.0,8.6,144,ok
DEXED,0,230,0.127171,0.0,8.4,144,ok
DEXED,0,231,0.099124,0.0,8.7,144,ok
DEXED,0,232,0.12183,0.0,8.5,144,ok
DEXED,0,233,0.096316,0.0,8.5,144,ok
DEXED,0,234,0.110263,0.0,8.5,144,ok
DEXED,0,235,0.111515,0.0,8.5,144,ok
DEXED,0,236,0.162633,0.0,8.5,144,ok
DEXED,0,237,0.305521,0.0,8.6,144,ok
DEXED,0,238,0.087497,0.0,8.6,144,ok
DEXED,0,239,0.139439,0.0,8.6,144,ok
DEXED,0,240,0.14713,0.0,8.6,144,ok
DEXED,0,241,0.131169,0.0,8.6,144,ok
DEXED,0,242,0.161718,0.0,8.1,144,ok
DEXED,0,243,0.001587,0.0,8.4,144,MUET
DEXED,0,244,0.184973,0.0,8.7,144,ok
DEXED,0,245,0.089663,0.0,8.6,144,ok
DEXED,0,246,0.197211,0.0,8.5,144,ok
DEXED,0,247,0.000671,0.0,8.5,144,MUET
DEXED,0,248,0.10947,0.0,8.2,144,ok
DEXED,0,249,0.020173,0.0,8.6,144,ok
DEXED,0,250,0.138127,0.0,8.0,144,ok
DEXED,0,251,0.007263,0.0,8.6,144,ok
DEXED,0,252,0.083834,0.0,8.6,144,ok
DEXED,0,253,0.086306,0.0,8.6,144,ok
DEXED,0,254,0.069247,0.0,8.5,144,ok
EPIANO,1,0,0.163091,0.0,8.2,144,ok
EPIANO,1,1,0.143071,0.0,8.3,144,ok
EPIANO,1,2,0.168035,0.0,8.1,144,ok
EPIANO,1,3,0.145085,0.0,8.2,144,ok
EPIANO,1,4,0.158238,0.0,8.2,144,ok
EPIANO,1,5,0.275399,0.0,8.2,144,ok
EPIANO,1,6,0.064119,0.0,8.3,144,ok
EPIANO,1,7,0.190863,0.0,8.2,144,ok
EPIANO,1,8,0.211005,0.0,8.2,144,ok
EPIANO,1,9,0.11243,0.0,8.2,144,ok
EPIANO,1,10,0.332133,0.0,8.1,144,ok
EPIANO,1,11,0.057527,0.0,8.1,144,ok
EPIANO,1,12,0.346782,0.0,8.2,144,ok
EPIANO,1,13,0.08594,0.0,8.2,144,ok
EPIANO,1,14,0.247169,0.0,8.2,144,ok
EPIANO,1,15,0.258187,0.0,8.2,144,ok
EPIANO,1,16,0.114322,0.0,8.3,144,ok
EPIANO,1,17,0.367016,0.0,8.2,144,ok
EPIANO,1,18,0.059786,0.0,8.3,144,ok
EPIANO,1,19,0.321757,0.0,8.2,144,ok
EPIANO,1,20,0.073244,0.0,8.2,144,ok
EPIANO,1,21,0.254097,0.0,8.2,144,ok
EPIANO,1,22,0.237983,0.0,8.2,144,ok
EPIANO,1,23,0.16538,0.0,8.2,144,ok
EPIANO,1,24,0.37196,0.0,8.3,144,ok
EPIANO,1,25,0.047914,0.0,8.2,144,ok
EPIANO,1,26,0.329875,0.0,8.1,144,ok
EPIANO,1,27,0.085635,0.0,8.2,144,ok
EPIANO,1,28,0.198096,0.0,8.2,144,ok
EPIANO,1,29,0.244545,0.0,8.2,144,ok
EPIANO,1,30,0.128605,0.0,8.2,144,ok
EPIANO,1,31,0.372021,0.0,8.2,144,ok
EPIANO,1,32,0.054781,0.0,8.2,144,ok
EPIANO,1,33,0.352214,0.0,8.2,144,ok
EPIANO,1,34,0.111789,0.0,8.3,144,ok
EPIANO,1,35,0.106296,0.0,8.3,144,ok
EPIANO,1,36,0.178137,0.0,8.2,144,ok
EPIANO,1,37,0.193609,0.0,8.2,144,ok
EPIANO,1,38,0.16071,0.0,8.2,144,ok
EPIANO,1,39,0.220557,0.0,8.3,144,ok
EPIANO,1,40,0.12183,0.0,8.3,144,ok
EPIANO,1,41,0.168126,0.0,8.2,144,ok
EPIANO,1,42,0.164953,0.0,8.3,144,ok
EPIANO,1,43,0.160619,0.0,8.2,144,ok
EPIANO,1,44,0.182897,0.0,8.3,144,ok
EPIANO,1,45,0.12418,0.0,8.1,144,ok
EPIANO,1,46,0.121433,0.0,8.2,144,ok
EPIANO,1,47,0.143834,0.0,8.2,144,ok
EPIANO,1,48,0.19599,0.0,8.2,144,ok
EPIANO,1,49,0.140996,0.0,8.3,144,ok
EPIANO,1,50,0.154607,0.0,8.2,144,ok
EPIANO,1,51,0.154393,0.0,8.3,144,ok
EPIANO,1,52,0.285073,0.0,8.2,144,ok
EPIANO,1,53,0.275979,0.0,8.2,144,ok
EPIANO,1,54,0.291726,0.0,8.3,144,ok
EPIANO,1,55,0.116947,0.0,8.2,144,ok
EPIANO,1,56,0.052156,0.0,8.2,144,ok
EPIANO,1,57,0.128758,0.0,8.2,144,ok
EPIANO,1,58,0.073305,0.0,8.2,144,ok
EPIANO,1,59,0.288095,0.0,8.3,144,ok
EPIANO,1,60,0.11298,0.0,8.2,144,ok
EPIANO,1,61,0.086367,0.0,8.2,144,ok
EPIANO,1,62,0.147252,0.0,8.2,144,ok
EPIANO,1,63,0.174017,0.0,8.2,144,ok
EPIANO,1,64,0.265908,0.0,8.3,144,ok
EPIANO,1,65,0.125004,0.0,8.3,144,ok
EPIANO,1,66,0.259682,0.0,8.4,144,ok
EPIANO,1,67,0.347575,0.0,8.3,144,ok
EPIANO,1,68,0.284402,0.0,8.4,144,ok
EPIANO,1,69,0.102603,0.0,8.4,144,ok
EPIANO,1,70,0.114048,0.0,8.4,144,ok
EPIANO,1,71,0.256294,0.0,8.3,144,ok
EPIANO,1,72,0.324046,0.0,8.3,144,ok
EPIANO,1,73,0.078066,0.0,8.4,144,ok
EPIANO,1,74,0.13831,0.0,8.4,144,ok
EPIANO,1,75,0.024934,0.0,8.3,144,ok
EPIANO,1,76,0.01825,0.0,8.2,144,ok
EPIANO,1,77,0.176061,0.0,8.2,144,ok
EPIANO,1,78,0.097476,0.0,8.2,144,ok
EPIANO,1,79,0.0777,0.0,8.2,144,ok
EPIANO,1,80,0.117954,0.0,8.3,144,ok
EPIANO,1,81,0.37196,0.0,8.3,144,ok
EPIANO,1,82,0.15598,0.0,8.2,144,ok
EPIANO,1,83,0.188696,0.0,8.2,144,ok
EPIANO,1,84,0.37196,0.0,8.2,144,ok
EPIANO,1,85,0.061129,0.0,8.1,144,ok
EPIANO,1,86,0.338694,0.0,8.3,144,ok
EPIANO,1,87,0.023164,0.0,8.3,144,ok
EPIANO,1,88,0.291147,0.0,8.2,144,ok
EPIANO,1,89,0.123844,0.0,8.2,144,ok
EPIANO,1,90,0.141942,0.0,8.2,144,ok
EPIANO,1,91,0.226234,0.0,8.2,144,ok
EPIANO,1,92,0.058382,0.0,8.2,144,ok
EPIANO,1,93,0.350536,0.0,8.2,144,ok
EPIANO,1,94,0.021699,0.0,8.2,144,ok
EPIANO,1,95,0.144749,0.0,8.2,144,ok
EPIANO,1,96,0.089969,0.0,8.1,144,ok
EPIANO,1,97,0.265023,0.0,8.3,144,ok
EPIANO,1,98,0.234291,0.0,8.3,144,ok
EPIANO,1,99,0.076662,0.0,8.2,144,ok
EPIANO,1,100,0.201239,0.0,8.2,144,ok
EPIANO,1,101,0.210395,0.0,8.3,144,ok
EPIANO,1,102,0.232002,0.0,8.2,144,ok
EPIANO,1,103,0.233619,0.0,8.3,144,ok
EPIANO,1,104,0.152654,0.0,8.3,144,ok
BRAIDS,2,0,0.148808,0.0,7.5,144,ok
BRAIDS,2,1,0.148289,0.0,7.7,144,ok
BRAIDS,2,2,0.148808,0.0,7.7,144,ok
BRAIDS,2,3,0.118809,0.0,8.0,144,ok
BRAIDS,2,4,0.148808,0.0,7.7,144,ok
BRAIDS,2,5,0.148808,0.0,7.7,144,ok
BRAIDS,2,6,0.148808,0.0,7.7,144,ok
BRAIDS,2,7,0.148808,0.0,7.8,144,ok
BRAIDS,2,8,0.148808,0.0,7.7,144,ok
BRAIDS,2,9,0.113559,0.0,7.7,144,ok
BRAIDS,2,10,0.148808,0.0,8.0,144,ok
BRAIDS,2,11,0.123936,0.0,7.7,144,ok
BRAIDS,2,12,0.14011,0.0,7.8,144,ok
BRAIDS,2,13,0.068239,0.0,8.1,144,ok
BRAIDS,2,14,0.111515,0.0,7.7,144,ok
BRAIDS,2,15,0.148808,0.0,8.1,144,ok
BRAIDS,2,16,0.148778,0.0,7.5,144,ok
BRAIDS,2,17,0.148808,0.0,7.8,144,ok
BRAIDS,2,18,0.148778,0.0,7.9,144,ok
BRAIDS,2,19,0.096072,0.0,7.6,144,ok
BRAIDS,2,20,0.148778,0.0,7.7,144,ok
BRAIDS,2,21,0.11359,0.0,7.7,144,ok
BRAIDS,2,22,0.111301,0.0,7.6,144,ok
BRAIDS,2,23,0.072787,0.0,8.1,144,ok
BRAIDS,2,24,0.145726,0.0,8.2,144,ok
BRAIDS,2,25,0.148778,0.0,7.5,144,ok
BRAIDS,2,26,0.148686,0.0,7.8,144,ok
BRAIDS,2,27,0.148686,0.0,7.4,144,ok
BRAIDS,2,28,0.148778,0.0,8.0,144,ok
BRAIDS,2,29,0.004852,0.0,9.5,144,ok
BRAIDS,2,30,0.003388,0.0,7.9,144,ok
BRAIDS,2,31,0.09241,0.0,8.7,144,ok
BRAIDS,2,32,0.083041,0.0,8.1,144,ok
BRAIDS,2,33,0.046846,0.0,8.0,144,ok
BRAIDS,2,34,0.022126,0.0,7.8,144,ok
BRAIDS,2,35,0.00235,0.0,8.2,144,ok
BRAIDS,2,36,0.125217,0.0,8.1,144,ok
BRAIDS,2,37,0.022584,0.0,7.7,144,ok
BRAIDS,2,38,0.115329,0.0,7.4,144,ok
BRAIDS,2,39,0.11005,0.0,7.3,144,ok
BRAIDS,2,40,0.057924,0.0,7.7,144,ok
BRAIDS,2,41,0.019379,0.0,7.5,144,ok
BRAIDS,2,42,0.148778,0.0,7.5,144,ok
KARPLUS,3,0,0.135777,0.0,7.3,144,ok
KARPLUS,3,1,0.053804,0.0,7.1,144,ok
KARPLUS,3,2,0.248299,0.0,7.3,144,ok
KARPLUS,3,3,0.040956,0.0,7.2,144,ok
KARPLUS,3,4,0.080416,0.0,7.3,144,ok
KARPLUS,3,5,0.027589,0.0,7.3,144,ok
KARPLUS,3,6,0.212012,0.0,7.3,144,ok
KARPLUS,3,7,0.026185,0.0,7.2,144,ok
KARPLUS,3,8,0.016785,0.0,7.3,144,ok
KARPLUS,3,9,0.035585,0.0,7.3,144,ok
KARPLUS,3,10,0.053743,0.0,7.2,144,ok
KARPLUS,3,11,0.050478,0.0,7.2,144,ok
KARPLUS,3,12,0.054872,0.0,7.2,144,ok
KARPLUS,3,13,0.102512,0.0,7.2,144,ok
KARPLUS,3,14,0.092837,0.0,7.4,144,ok
KARPLUS,3,15,0.111179,0.0,7.3,144,ok
KARPLUS,3,16,0.125004,0.0,7.3,144,ok
KARPLUS,3,17,0.097812,0.0,7.3,144,ok
KARPLUS,3,18,0.153111,0.0,7.3,144,ok
KARPLUS,3,19,0.123417,0.0,7.3,144,ok
KARPLUS,3,20,0.167821,0.0,7.2,144,ok
KARPLUS,3,21,0.184881,0.0,7.2,144,ok
KARPLUS,3,22,0.211127,0.0,7.3,144,ok
KARPLUS,3,23,0.200385,0.0,7.3,144,ok
KARPLUS,3,24,0.18247,0.0,7.3,144,ok
KARPLUS,3,25,0.180639,0.0,7.3,144,ok
KARPLUS,3,26,0.127628,0.0,7.3,144,ok
KARPLUS,3,27,0.16834,0.0,7.3,144,ok
KARPLUS,3,28,0.006104,0.0,7.2,144,ok
KARPLUS,3,29,0.014954,0.0,7.1,144,ok
KARPLUS,3,30,0.013825,0.0,7.3,144,ok
KARPLUS,3,31,0.03235,0.0,7.4,144,ok
KARPLUS,3,32,0.033662,0.0,7.3,144,ok
KARPLUS,3,33,0.059267,0.0,7.3,144,ok
KARPLUS,3,34,0.049013,0.0,7.3,144,ok
KARPLUS,3,35,0.081851,0.0,7.3,144,ok
KARPLUS,3,36,0.093875,0.0,7.3,144,ok
KARPLUS,3,37,0.120762,0.0,7.3,144,ok
KARPLUS,3,38,0.037172,0.0,7.4,144,ok
KARPLUS,3,39,0.049196,0.0,7.3,144,ok
KARPLUS,3,40,0.056734,0.0,7.2,144,ok
KARPLUS,3,41,0.064852,0.0,7.3,144,ok
KARPLUS,3,42,0.09067,0.0,7.2,144,ok
KARPLUS,3,43,0.095645,0.0,7.4,144,ok
KARPLUS,3,44,0.112094,0.0,7.3,144,ok
KARPLUS,3,45,0.105014,0.0,7.3,144,ok
KARPLUS,3,46,0.114566,0.0,7.3,144,ok
KARPLUS,3,47,0.0983,0.0,7.3,144,ok
KARPLUS,3,48,0.006256,0.0,7.1,144,ok
KARPLUS,3,49,0.015931,0.0,7.1,144,ok
KARPLUS,3,50,0.014649,0.0,7.3,144,ok
KARPLUS,3,51,0.018647,0.0,7.3,144,ok
KARPLUS,3,52,0.049226,0.0,7.3,144,ok
KARPLUS,3,53,0.021912,0.0,7.3,144,ok
KARPLUS,3,54,0.019166,0.0,7.1,144,ok
KARPLUS,3,55,0.026399,0.0,7.2,144,ok
KARPLUS,3,56,0.058138,0.0,7.2,144,ok
KARPLUS,3,57,0.084872,0.0,7.2,144,ok
KARPLUS,3,58,0.164617,0.0,7.3,144,ok
KARPLUS,3,59,0.123081,0.0,7.3,144,ok
KARPLUS,3,60,0.197302,0.0,7.4,144,ok
KARPLUS,3,61,0.226539,0.0,7.3,144,ok
KARPLUS,3,62,0.219977,0.0,7.3,144,ok
KARPLUS,3,63,0.24781,0.0,7.3,144,ok
KARPLUS,3,64,0.191595,0.0,7.3,144,ok
KARPLUS,3,65,0.176122,0.0,7.3,144,ok
KARPLUS,3,66,0.159551,0.0,7.3,144,ok
KARPLUS,3,67,0.136235,0.0,7.3,144,ok
KARPLUS,3,68,0.009735,0.0,7.5,144,ok
KARPLUS,3,69,0.026154,0.0,7.2,144,ok
KARPLUS,3,70,0.020478,0.0,7.2,144,ok
KARPLUS,3,71,0.032289,0.0,7.2,144,ok
KARPLUS,3,72,0.03119,0.0,7.2,144,ok
KARPLUS,3,73,0.035859,0.0,7.1,144,ok
KARPLUS,3,74,0.055025,0.0,7.2,144,ok
KARPLUS,3,75,0.077364,0.0,7.3,144,ok
KARPLUS,3,76,0.067293,0.0,7.3,144,ok
KARPLUS,3,77,0.073305,0.0,7.3,144,ok
KARPLUS,3,78,0.093783,0.0,7.4,144,ok
KARPLUS,3,79,0.106296,0.0,7.3,144,ok
KARPLUS,3,80,0.132023,0.0,7.3,144,ok
KARPLUS,3,81,0.141453,0.0,7.4,144,ok
KARPLUS,3,82,0.142216,0.0,7.3,144,ok
KARPLUS,3,83,0.14124,0.0,7.3,144,ok
KARPLUS,3,84,0.166051,0.0,7.3,144,ok
KARPLUS,3,85,0.129154,0.0,7.3,144,ok
KARPLUS,3,86,0.118534,0.0,7.3,144,ok
KARPLUS,3,87,0.109958,0.0,7.2,144,ok
KARPLUS,3,88,0.018891,0.0,7.1,144,ok
KARPLUS,3,89,0.006165,0.0,7.3,144,ok
KARPLUS,3,90,0.008545,0.0,7.1,144,ok
KARPLUS,3,91,0.01709,0.0,7.3,144,ok
KARPLUS,3,92,0.021485,0.0,7.2,144,ok
KARPLUS,3,93,0.029878,0.0,7.3,144,ok
KARPLUS,3,94,0.01529,0.0,7.4,144,ok
KARPLUS,3,95,0.035157,0.0,7.3,144,ok
KARPLUS,3,96,0.046846,0.0,7.3,144,ok
KARPLUS,3,97,0.041536,0.0,7.3,144,ok
KARPLUS,3,98,0.157323,0.0,7.3,144,ok
KARPLUS,3,99,0.213904,0.0,7.3,144,ok
ANALOG,4,0,0.1489,0.0,7.2,144,ok
ANALOG,4,1,0.18601,0.0,7.1,144,ok
ANALOG,4,2,0.18601,0.0,7.2,144,ok
ANALOG,4,3,0.148564,0.0,7.2,144,ok
ANALOG,4,4,0.18601,0.0,7.2,144,ok
ANALOG,4,5,0.18189,0.0,7.1,144,ok
ANALOG,4,6,0.174291,0.0,7.2,144,ok
ANALOG,4,7,0.150243,0.0,7.2,144,ok
ANALOG,4,8,0.181036,0.0,7.5,144,ok
ANALOG,4,9,0.18601,0.0,7.5,144,ok
ANALOG,4,10,0.0889,0.0,7.7,144,ok
SAMPLER,5,0,0.166753,0.0,7.9,144,ok
SAMPLER,5,1,0.143773,0.0,7.9,144,ok
SAMPLER,5,2,0.064669,0.076876,7.7,144,NOTE BLOQUEE/SOUFFLE
DRUM,6,0,0.145726,0.0,7.3,144,ok
DRUM,6,1,0.137852,0.0,7.5,144,ok
DRUM,6,2,0.14246,0.0,7.5,144,ok
DRUM,6,3,0.137272,0.0,7.4,144,ok
DRUM,6,4,0.141209,0.0,7.4,144,ok
DRUM,6,5,0.168554,0.0,7.5,144,ok
